--
-- PostgreSQL database dump
--

-- Dumped from database version 15.5
-- Dumped by pg_dump version 15.4

SET statement_timeout = 0;
SET lock_timeout = 0;
SET idle_in_transaction_session_timeout = 0;
SET client_encoding = 'UTF8';
SET standard_conforming_strings = on;
SELECT pg_catalog.set_config('search_path', '', false);
SET check_function_bodies = false;
SET xmloption = content;
SET client_min_messages = warning;
SET row_security = off;

--
-- Name: public; Type: SCHEMA; Schema: -; Owner: betify_db_user
--

-- *not* creating schema, since initdb creates it


ALTER SCHEMA public OWNER TO betify_db_user;

--
-- Name: Status; Type: TYPE; Schema: public; Owner: betify_db_user
--

CREATE TYPE public."Status" AS ENUM (
    'PENDING',
    'LOST',
    'WON'
);


ALTER TYPE public."Status" OWNER TO betify_db_user;

SET default_tablespace = '';

SET default_table_access_method = heap;

--
-- Name: _prisma_migrations; Type: TABLE; Schema: public; Owner: betify_db_user
--

CREATE TABLE public._prisma_migrations (
    id character varying(36) NOT NULL,
    checksum character varying(64) NOT NULL,
    finished_at timestamp with time zone,
    migration_name character varying(255) NOT NULL,
    logs text,
    rolled_back_at timestamp with time zone,
    started_at timestamp with time zone DEFAULT now() NOT NULL,
    applied_steps_count integer DEFAULT 0 NOT NULL
);


ALTER TABLE public._prisma_migrations OWNER TO betify_db_user;

--
-- Name: bets; Type: TABLE; Schema: public; Owner: betify_db_user
--

CREATE TABLE public.bets (
    id integer NOT NULL,
    "homeTeamScore" integer DEFAULT 0 NOT NULL,
    "awayTeamScore" integer DEFAULT 0 NOT NULL,
    "amountBet" integer DEFAULT 0 NOT NULL,
    status public."Status" DEFAULT 'PENDING'::public."Status" NOT NULL,
    "amountWon" integer,
    "createdAt" timestamp(3) without time zone DEFAULT CURRENT_TIMESTAMP NOT NULL,
    "updatedAt" timestamp(3) without time zone NOT NULL,
    "gameId" integer NOT NULL,
    "participantId" integer NOT NULL
);


ALTER TABLE public.bets OWNER TO betify_db_user;

--
-- Name: bets_id_seq; Type: SEQUENCE; Schema: public; Owner: betify_db_user
--

CREATE SEQUENCE public.bets_id_seq
    AS integer
    START WITH 1
    INCREMENT BY 1
    NO MINVALUE
    NO MAXVALUE
    CACHE 1;


ALTER TABLE public.bets_id_seq OWNER TO betify_db_user;

--
-- Name: bets_id_seq; Type: SEQUENCE OWNED BY; Schema: public; Owner: betify_db_user
--

ALTER SEQUENCE public.bets_id_seq OWNED BY public.bets.id;


--
-- Name: games; Type: TABLE; Schema: public; Owner: betify_db_user
--

CREATE TABLE public.games (
    id integer NOT NULL,
    "homeTeamName" character varying(64) NOT NULL,
    "awayTeamName" character varying(64) NOT NULL,
    "homeTeamScore" integer DEFAULT 0 NOT NULL,
    "awayTeamScore" integer DEFAULT 0 NOT NULL,
    "isFinished" boolean DEFAULT false NOT NULL,
    "createdAt" timestamp(3) without time zone DEFAULT CURRENT_TIMESTAMP NOT NULL,
    "updatedAt" timestamp(3) without time zone NOT NULL
);


ALTER TABLE public.games OWNER TO betify_db_user;

--
-- Name: games_id_seq; Type: SEQUENCE; Schema: public; Owner: betify_db_user
--

CREATE SEQUENCE public.games_id_seq
    AS integer
    START WITH 1
    INCREMENT BY 1
    NO MINVALUE
    NO MAXVALUE
    CACHE 1;


ALTER TABLE public.games_id_seq OWNER TO betify_db_user;

--
-- Name: games_id_seq; Type: SEQUENCE OWNED BY; Schema: public; Owner: betify_db_user
--

ALTER SEQUENCE public.games_id_seq OWNED BY public.games.id;


--
-- Name: participants; Type: TABLE; Schema: public; Owner: betify_db_user
--

CREATE TABLE public.participants (
    id integer NOT NULL,
    name character varying(64) NOT NULL,
    balance integer DEFAULT 0 NOT NULL,
    "createdAt" timestamp(3) without time zone DEFAULT CURRENT_TIMESTAMP NOT NULL,
    "updatedAt" timestamp(3) without time zone NOT NULL
);


ALTER TABLE public.participants OWNER TO betify_db_user;

--
-- Name: participants_id_seq; Type: SEQUENCE; Schema: public; Owner: betify_db_user
--

CREATE SEQUENCE public.participants_id_seq
    AS integer
    START WITH 1
    INCREMENT BY 1
    NO MINVALUE
    NO MAXVALUE
    CACHE 1;


ALTER TABLE public.participants_id_seq OWNER TO betify_db_user;

--
-- Name: participants_id_seq; Type: SEQUENCE OWNED BY; Schema: public; Owner: betify_db_user
--

ALTER SEQUENCE public.participants_id_seq OWNED BY public.participants.id;


--
-- Name: bets id; Type: DEFAULT; Schema: public; Owner: betify_db_user
--

ALTER TABLE ONLY public.bets ALTER COLUMN id SET DEFAULT nextval('public.bets_id_seq'::regclass);


--
-- Name: games id; Type: DEFAULT; Schema: public; Owner: betify_db_user
--

ALTER TABLE ONLY public.games ALTER COLUMN id SET DEFAULT nextval('public.games_id_seq'::regclass);


--
-- Name: participants id; Type: DEFAULT; Schema: public; Owner: betify_db_user
--

ALTER TABLE ONLY public.participants ALTER COLUMN id SET DEFAULT nextval('public.participants_id_seq'::regclass);


--
-- Data for Name: _prisma_migrations; Type: TABLE DATA; Schema: public; Owner: betify_db_user
--

COPY public._prisma_migrations (id, checksum, finished_at, migration_name, logs, rolled_back_at, started_at, applied_steps_count) FROM stdin;
9cbee792-92f0-4cc4-8cd5-b73fbe07972e	49615585aece1fcb828db6be232bcaf5a0ce0a882460bb122ef2488dae659692	2023-11-13 04:44:58.013821+00	20231113044455_initial_commit	\N	\N	2023-11-13 04:44:56.635711+00	1
1c25710d-7663-425a-8bf7-86491a2e420c	1a61fa2a0b7847c9cf337f8ad9f56dcaf459c44ea0cf315417072b4504684fb5	2023-11-13 05:09:24.272727+00	20231113050921_fix_data	\N	\N	2023-11-13 05:09:22.705757+00	1
bffbaafa-08ca-4991-b25b-9c9a7a51d7db	2af1a999e3777c9af840b8128706624c6975a0e02f87dfdb8718e74be43fe55c	2023-11-13 10:25:45.331835+00	20231113102541_fix_game	\N	\N	2023-11-13 10:25:43.284038+00	1
\.


--
-- Data for Name: bets; Type: TABLE DATA; Schema: public; Owner: betify_db_user
--

COPY public.bets (id, "homeTeamScore", "awayTeamScore", "amountBet", status, "amountWon", "createdAt", "updatedAt", "gameId", "participantId") FROM stdin;
75	2	2	1500	PENDING	\N	2023-11-22 23:05:50.927	2023-11-22 23:05:50.927	169	125
76	2	2	1500	PENDING	\N	2023-11-22 23:05:52.472	2023-11-22 23:05:52.472	169	125
77	2	2	1500	PENDING	\N	2023-11-22 23:05:53.865	2023-11-22 23:05:53.865	169	129
78	2	2	1500	LOST	0	2023-11-22 23:06:14.248	2023-11-22 23:06:14.836	178	130
79	1	3	1500	WON	1050	2023-11-22 23:06:17	2023-11-22 23:06:17.511	179	131
80	1	7	1500	LOST	0	2023-11-22 23:06:20.169	2023-11-22 23:06:20.646	180	132
81	1	7	1500	WON	1857	2023-11-22 23:06:22.819	2023-11-22 23:06:24.693	181	133
82	5	1	5000	LOST	0	2023-11-22 23:06:23.337	2023-11-22 23:06:24.693	181	125
83	1	7	5000	WON	6192	2023-11-22 23:06:23.873	2023-11-22 23:06:24.693	181	125
\.


--
-- Data for Name: games; Type: TABLE DATA; Schema: public; Owner: betify_db_user
--

COPY public.games (id, "homeTeamName", "awayTeamName", "homeTeamScore", "awayTeamScore", "isFinished", "createdAt", "updatedAt") FROM stdin;
168	Fort Raul FC	Harrisburg FC	0	0	f	2023-11-22 23:05:29.157	2023-11-22 23:05:29.157
169	Lake Elsinore FC	Norwalk FC	0	0	f	2023-11-22 23:05:30.116	2023-11-22 23:05:30.116
170	Primeira de cbeecbacfadedaed	Bragança de ebefaeaffa	0	0	f	2023-11-22 23:05:33.612	2023-11-22 23:05:33.612
171	Lake Forest FC	Amaliacester FC	0	0	f	2023-11-22 23:05:44.937	2023-11-22 23:05:44.937
172	Araboro FC	Mitchellland FC	0	0	f	2023-11-22 23:05:46.983	2023-11-22 23:05:46.983
173	North Penelope FC	Mooreburgh FC	1	1	t	2023-11-22 23:05:48.915	2023-11-22 23:05:49.438
174	Reynoldsport FC	West Everardoside FC	1	1	t	2023-11-22 23:06:05.734	2023-11-22 23:06:06.106
175	Colefurt FC	North Dominiquecester FC	1	1	t	2023-11-22 23:06:08.623	2023-11-22 23:06:09.062
176	West Winnifredhaven FC	North Ednafurt FC	1	1	t	2023-11-22 23:06:09.936	2023-11-22 23:06:10.43
177	Marysville FC	East Manuel FC	1	1	t	2023-11-22 23:06:11.257	2023-11-22 23:06:11.661
178	Dorthystead FC	Andreannefurt FC	1	3	t	2023-11-22 23:06:13.002	2023-11-22 23:06:14.836
179	Wisozkberg FC	New Petercester FC	1	3	t	2023-11-22 23:06:16.089	2023-11-22 23:06:17.511
180	Homenickfurt FC	Demariostad FC	1	1	t	2023-11-22 23:06:18.932	2023-11-22 23:06:20.646
181	North Miami Beach FC	Friedashire FC	1	7	t	2023-11-22 23:06:22.087	2023-11-22 23:06:24.693
182	Shanahanmouth FC	Sincereworth FC	1	1	t	2023-11-22 23:06:25.984	2023-11-22 23:06:26.483
\.


--
-- Data for Name: participants; Type: TABLE DATA; Schema: public; Owner: betify_db_user
--

COPY public.participants (id, name, balance, "createdAt", "updatedAt") FROM stdin;
121	Devin O'Connell	1608218110	2023-11-21 19:41:23.213	2023-11-21 19:41:23.213
122	Dr. Julius McKenzie	1115131826	2023-11-21 19:41:23.703	2023-11-21 19:41:23.703
123	Nathaniel Kuhlman	1043653821	2023-11-21 19:41:24.109	2023-11-21 19:41:24.109
124	Louise Doyle	5000	2023-11-22 23:05:19.273	2023-11-22 23:05:19.273
126	Carroll Kub IVcdedbfecebc	5000	2023-11-22 23:05:23.744	2023-11-22 23:05:23.744
127	Mr. Holly O'Connell	5000	2023-11-22 23:05:46.569	2023-11-22 23:05:46.569
128	Ora Block	10000	2023-11-22 23:05:48.568	2023-11-22 23:05:48.568
129	Miss Ann Hamill	8500	2023-11-22 23:05:53.412	2023-11-22 23:05:53.865
130	Lena Hamill MD	98500	2023-11-22 23:06:13.782	2023-11-22 23:06:14.248
131	Richard Hamill	99550	2023-11-22 23:06:16.484	2023-11-22 23:06:17.511
132	Marguerite Huels IV	98500	2023-11-22 23:06:19.689	2023-11-22 23:06:20.169
133	Rachael Rempel	100357	2023-11-22 23:06:22.406	2023-11-22 23:06:24.693
125	Christina Morar	93192	2023-11-22 23:05:20.547	2023-11-22 23:06:24.693
\.


--
-- Name: bets_id_seq; Type: SEQUENCE SET; Schema: public; Owner: betify_db_user
--

SELECT pg_catalog.setval('public.bets_id_seq', 83, true);


--
-- Name: games_id_seq; Type: SEQUENCE SET; Schema: public; Owner: betify_db_user
--

SELECT pg_catalog.setval('public.games_id_seq', 185, true);


--
-- Name: participants_id_seq; Type: SEQUENCE SET; Schema: public; Owner: betify_db_user
--

SELECT pg_catalog.setval('public.participants_id_seq', 136, true);


--
-- Name: _prisma_migrations _prisma_migrations_pkey; Type: CONSTRAINT; Schema: public; Owner: betify_db_user
--

ALTER TABLE ONLY public._prisma_migrations
    ADD CONSTRAINT _prisma_migrations_pkey PRIMARY KEY (id);


--
-- Name: bets bets_pkey; Type: CONSTRAINT; Schema: public; Owner: betify_db_user
--

ALTER TABLE ONLY public.bets
    ADD CONSTRAINT bets_pkey PRIMARY KEY (id);


--
-- Name: games games_pkey; Type: CONSTRAINT; Schema: public; Owner: betify_db_user
--

ALTER TABLE ONLY public.games
    ADD CONSTRAINT games_pkey PRIMARY KEY (id);


--
-- Name: participants participants_pkey; Type: CONSTRAINT; Schema: public; Owner: betify_db_user
--

ALTER TABLE ONLY public.participants
    ADD CONSTRAINT participants_pkey PRIMARY KEY (id);


--
-- Name: bets bets_gameId_fkey; Type: FK CONSTRAINT; Schema: public; Owner: betify_db_user
--

ALTER TABLE ONLY public.bets
    ADD CONSTRAINT "bets_gameId_fkey" FOREIGN KEY ("gameId") REFERENCES public.games(id) ON UPDATE CASCADE ON DELETE CASCADE;


--
-- Name: bets bets_participantId_fkey; Type: FK CONSTRAINT; Schema: public; Owner: betify_db_user
--

ALTER TABLE ONLY public.bets
    ADD CONSTRAINT "bets_participantId_fkey" FOREIGN KEY ("participantId") REFERENCES public.participants(id) ON UPDATE CASCADE ON DELETE CASCADE;


--
-- Name: DEFAULT PRIVILEGES FOR SEQUENCES; Type: DEFAULT ACL; Schema: -; Owner: postgres
--

ALTER DEFAULT PRIVILEGES FOR ROLE postgres GRANT ALL ON SEQUENCES  TO betify_db_user;


--
-- Name: DEFAULT PRIVILEGES FOR TYPES; Type: DEFAULT ACL; Schema: -; Owner: postgres
--

ALTER DEFAULT PRIVILEGES FOR ROLE postgres GRANT ALL ON TYPES  TO betify_db_user;


--
-- Name: DEFAULT PRIVILEGES FOR FUNCTIONS; Type: DEFAULT ACL; Schema: -; Owner: postgres
--

ALTER DEFAULT PRIVILEGES FOR ROLE postgres GRANT ALL ON FUNCTIONS  TO betify_db_user;


--
-- Name: DEFAULT PRIVILEGES FOR TABLES; Type: DEFAULT ACL; Schema: -; Owner: postgres
--

ALTER DEFAULT PRIVILEGES FOR ROLE postgres GRANT ALL ON TABLES  TO betify_db_user;


--
-- PostgreSQL database dump complete
--

